<metadata xml:lang="en"><Esri><CreaDate>20191213</CreaDate><CreaTime>17170500</CreaTime><ArcGISFormat>1.0</ArcGISFormat><SyncOnce>FALSE</SyncOnce><DataProperties><lineage><Process ToolSource="c:\program files (x86)\arcgis\desktop10.6\ArcToolbox\Toolboxes\Data Management Tools.tbx\RegisterWithGeodatabase" Date="20191213" Time="171705">RegisterWithGeodatabase "Database Connections\adminv@ign-sp-itgi-1.sde\itgi.adminv.ad_2_municipality" objectid shape POLYGON "PROJCS['Belge_Lambert_2008',GEOGCS['GCS_ETRS_1989',DATUM['D_ETRS_1989',SPHEROID['GRS_1980',6378137.0,298.257222101]],PRIMEM['Greenwich',0.0],UNIT['Degree',0.0174532925199433]],PROJECTION['Lambert_Conformal_Conic'],PARAMETER['False_Easting',649328.0],PARAMETER['False_Northing',665262.0],PARAMETER['Central_Meridian',4.359215833333333],PARAMETER['Standard_Parallel_1',49.83333333333334],PARAMETER['Standard_Parallel_2',51.16666666666666],PARAMETER['Latitude_Of_Origin',50.797815],UNIT['Meter',1.0]];-35373000 -30122500 10000;-100000 1000;-100000 1000;0,001;0,001;0,001;IsHighPrecision" "521988 521173 795171 744030"</Process><Process ToolSource="c:\program files (x86)\arcgis\desktop10.6\ArcToolbox\Toolboxes\Conversion Tools.tbx\FeatureClassToFeatureClass" Date="20191217" Time="141838">FeatureClassToFeatureClass "\\Mass1\adminvector$\Work data\ITGI_SDI.sde\itgi.adminv.AD_2_Municipality" "\\Mass1\adminvector$\Work data\adminV201912\adminvector08.gdb" AD_2_Municipality # "modifdate "modifdate" true true false 8 Date 0 0 ,First,#,\\Mass1\adminvector$\Work data\ITGI_SDI.sde\itgi.adminv.AD_2_Municipality,modifdate,-1,-1;city "city" true true false 4 Long 0 10 ,First,#,\\Mass1\adminvector$\Work data\ITGI_SDI.sde\itgi.adminv.AD_2_Municipality,city,-1,-1;languagestatute "languagestatute" true true false 4 Long 0 10 ,First,#,\\Mass1\adminvector$\Work data\ITGI_SDI.sde\itgi.adminv.AD_2_Municipality,languagestatute,-1,-1;niscode "niscode" true true false 255 Text 0 0 ,First,#,\\Mass1\adminvector$\Work data\ITGI_SDI.sde\itgi.adminv.AD_2_Municipality,niscode,-1,-1;districtcapital "districtcapital" true true false 2 Short 0 5 ,First,#,\\Mass1\adminvector$\Work data\ITGI_SDI.sde\itgi.adminv.AD_2_Municipality,districtcapital,-1,-1;provincecapital "provincecapital" true true false 2 Short 0 5 ,First,#,\\Mass1\adminvector$\Work data\ITGI_SDI.sde\itgi.adminv.AD_2_Municipality,provincecapital,-1,-1;regioncapital "regioncapital" true true false 2 Short 0 5 ,First,#,\\Mass1\adminvector$\Work data\ITGI_SDI.sde\itgi.adminv.AD_2_Municipality,regioncapital,-1,-1;countrycapital "countrycapital" true true false 2 Short 0 5 ,First,#,\\Mass1\adminvector$\Work data\ITGI_SDI.sde\itgi.adminv.AD_2_Municipality,countrycapital,-1,-1;tgid "tgid" true true false 38 Text 0 0 ,First,#,\\Mass1\adminvector$\Work data\ITGI_SDI.sde\itgi.adminv.AD_2_Municipality,tgid,-1,-1;st_area_shape_ "st_area_shape_" false false true 0 Double 0 0 ,First,#,\\Mass1\adminvector$\Work data\ITGI_SDI.sde\itgi.adminv.AD_2_Municipality,st_area(shape),-1,-1;st_perimeter_shape_ "st_perimeter_shape_" false false true 0 Double 0 0 ,First,#,\\Mass1\adminvector$\Work data\ITGI_SDI.sde\itgi.adminv.AD_2_Municipality,st_perimeter(shape),-1,-1" #</Process><Process ToolSource="c:\program files (x86)\arcgis\desktop10.2\ArcToolbox\Toolboxes\Data Management Tools.tbx\AlterField" Date="20191218" Time="083655">AlterField "\\mass1\adminvector$\Work data\adminV201912\adminvector08.gdb\AD_2_Municipality" niscode "NIS Code" #</Process><Process ToolSource="c:\program files (x86)\arcgis\desktop10.2\ArcToolbox\Toolboxes\Data Management Tools.tbx\AlterField" Date="20191218" Time="083656">AlterField "\\mass1\adminvector$\Work data\adminV201912\adminvector08.gdb\AD_2_Municipality" NIS_Code NISCode NISCode</Process><Process ToolSource="c:\program files (x86)\arcgis\desktop10.2\ArcToolbox\Toolboxes\Data Management Tools.tbx\AlterField" Date="20191218" Time="083657">AlterField "\\mass1\adminvector$\Work data\adminV201912\adminvector08.gdb\AD_2_Municipality" districtcapital "District Capital" #</Process><Process ToolSource="c:\program files (x86)\arcgis\desktop10.2\ArcToolbox\Toolboxes\Data Management Tools.tbx\AlterField" Date="20191218" Time="083658">AlterField "\\mass1\adminvector$\Work data\adminV201912\adminvector08.gdb\AD_2_Municipality" District_Capital DistrictCapital DistrictCapital</Process><Process ToolSource="c:\program files (x86)\arcgis\desktop10.2\ArcToolbox\Toolboxes\Data Management Tools.tbx\AlterField" Date="20191218" Time="083659">AlterField "\\mass1\adminvector$\Work data\adminV201912\adminvector08.gdb\AD_2_Municipality" provincecapital "Province Capital" #</Process><Process ToolSource="c:\program files (x86)\arcgis\desktop10.2\ArcToolbox\Toolboxes\Data Management Tools.tbx\AlterField" Date="20191218" Time="083700">AlterField "\\mass1\adminvector$\Work data\adminV201912\adminvector08.gdb\AD_2_Municipality" Province_Capital ProvinceCapital ProvinceCapital</Process><Process ToolSource="c:\program files (x86)\arcgis\desktop10.2\ArcToolbox\Toolboxes\Data Management Tools.tbx\AlterField" Date="20191218" Time="083701">AlterField "\\mass1\adminvector$\Work data\adminV201912\adminvector08.gdb\AD_2_Municipality" regioncapital "Region Capital" #</Process><Process ToolSource="c:\program files (x86)\arcgis\desktop10.2\ArcToolbox\Toolboxes\Data Management Tools.tbx\AlterField" Date="20191218" Time="083702">AlterField "\\mass1\adminvector$\Work data\adminV201912\adminvector08.gdb\AD_2_Municipality" Region_Capital RegionCapital RegionCapital</Process><Process ToolSource="c:\program files (x86)\arcgis\desktop10.2\ArcToolbox\Toolboxes\Data Management Tools.tbx\AlterField" Date="20191218" Time="083703">AlterField "\\mass1\adminvector$\Work data\adminV201912\adminvector08.gdb\AD_2_Municipality" countrycapital "Country Capital" #</Process><Process ToolSource="c:\program files (x86)\arcgis\desktop10.2\ArcToolbox\Toolboxes\Data Management Tools.tbx\AlterField" Date="20191218" Time="083703">AlterField "\\mass1\adminvector$\Work data\adminV201912\adminvector08.gdb\AD_2_Municipality" Country_Capital CountryCapital CountryCapital</Process><Process ToolSource="c:\program files (x86)\arcgis\desktop10.2\ArcToolbox\Toolboxes\Data Management Tools.tbx\AlterField" Date="20191218" Time="083705">AlterField "\\mass1\adminvector$\Work data\adminV201912\adminvector08.gdb\AD_2_Municipality" city "Official City" #</Process><Process ToolSource="c:\program files (x86)\arcgis\desktop10.2\ArcToolbox\Toolboxes\Data Management Tools.tbx\AlterField" Date="20191218" Time="083706">AlterField "\\mass1\adminvector$\Work data\adminV201912\adminvector08.gdb\AD_2_Municipality" Official_City City City</Process><Process ToolSource="c:\program files (x86)\arcgis\desktop10.2\ArcToolbox\Toolboxes\Data Management Tools.tbx\AlterField" Date="20191218" Time="083707">AlterField "\\mass1\adminvector$\Work data\adminV201912\adminvector08.gdb\AD_2_Municipality" languagestatute "Language Statute" #</Process><Process ToolSource="c:\program files (x86)\arcgis\desktop10.2\ArcToolbox\Toolboxes\Data Management Tools.tbx\AlterField" Date="20191218" Time="083707">AlterField "\\mass1\adminvector$\Work data\adminV201912\adminvector08.gdb\AD_2_Municipality" Language_Statute LanguageStatute LanguageStatute</Process><Process ToolSource="c:\program files (x86)\arcgis\desktop10.2\ArcToolbox\Toolboxes\Data Management Tools.tbx\AlterField" Date="20191218" Time="083708">AlterField "\\mass1\adminvector$\Work data\adminV201912\adminvector08.gdb\AD_2_Municipality" modifdate "Modif Date" #</Process><Process ToolSource="c:\program files (x86)\arcgis\desktop10.2\ArcToolbox\Toolboxes\Data Management Tools.tbx\AlterField" Date="20191218" Time="083709">AlterField "\\mass1\adminvector$\Work data\adminV201912\adminvector08.gdb\AD_2_Municipality" Modif_Date ModifDate ModifDate</Process><Process ToolSource="c:\program files (x86)\arcgis\desktop10.2\ArcToolbox\Toolboxes\Data Management Tools.tbx\AlterField" Date="20191218" Time="083710">AlterField "\\mass1\adminvector$\Work data\adminV201912\adminvector08.gdb\AD_2_Municipality" tgid tgid #</Process><Process ToolSource="c:\program files (x86)\arcgis\desktop10.2\ArcToolbox\Toolboxes\Data Management Tools.tbx\AlterField" Date="20191218" Time="083711">AlterField "\\mass1\adminvector$\Work data\adminV201912\adminvector08.gdb\AD_2_Municipality" tgid tgid tgid</Process><Process ToolSource="c:\program files (x86)\arcgis\desktop10.2\ArcToolbox\Toolboxes\Data Management Tools.tbx\AddField" Date="20191218" Time="091442">AddField entite NameDut TEXT 50 # # # NULLABLE NON_REQUIRED #</Process><Process ToolSource="c:\program files (x86)\arcgis\desktop10.2\ArcToolbox\Toolboxes\Data Management Tools.tbx\AddField" Date="20191218" Time="091442">AddField entite NameFre TEXT 50 # # # NULLABLE NON_REQUIRED #</Process><Process ToolSource="c:\program files (x86)\arcgis\desktop10.2\ArcToolbox\Toolboxes\Data Management Tools.tbx\AddField" Date="20191218" Time="091443">AddField entite NameGer TEXT 50 # # # NULLABLE NON_REQUIRED #</Process><Process ToolSource="c:\program files (x86)\arcgis\desktop10.2\ArcToolbox\Toolboxes\Data Management Tools.tbx\CopyFeatures" Date="20191219" Time="084414">CopyFeatures "\\mass1\adminvector$\Work data\adminV201912\adminvector08.gdb\AD_2_Municipality" "\\mass1\adminvector$\Work data\adminV201912\adminvector08\AD_2_Municipality.shp" # 0 0 0</Process></lineage><itemProps><itemName Sync="TRUE">AD_2_Municipality</itemName><imsContentType Sync="TRUE">002</imsContentType><itemLocation><linkage Sync="TRUE">file://\\mass1\adminvector$\Work data\adminV201912\adminvector08\AD_2_Municipality.shp</linkage><protocol Sync="TRUE">Local Area Network</protocol></itemLocation><itemSize Sync="TRUE">0.000</itemSize></itemProps><coordRef><type Sync="TRUE">Projected</type><geogcsn Sync="TRUE">GCS_ETRS_1989</geogcsn><csUnits Sync="TRUE">Linear Unit: Meter (1.000000)</csUnits><projcsn Sync="TRUE">Belge_Lambert_2008</projcsn><peXml Sync="TRUE">&lt;ProjectedCoordinateSystem xsi:type='typens:ProjectedCoordinateSystem' xmlns:xsi='http://www.w3.org/2001/XMLSchema-instance' xmlns:xs='http://www.w3.org/2001/XMLSchema' xmlns:typens='http://www.esri.com/schemas/ArcGIS/10.1'&gt;&lt;WKT&gt;PROJCS[&amp;quot;Belge_Lambert_2008&amp;quot;,GEOGCS[&amp;quot;GCS_ETRS_1989&amp;quot;,DATUM[&amp;quot;D_ETRS_1989&amp;quot;,SPHEROID[&amp;quot;GRS_1980&amp;quot;,6378137.0,298.257222101]],PRIMEM[&amp;quot;Greenwich&amp;quot;,0.0],UNIT[&amp;quot;Degree&amp;quot;,0.0174532925199433]],PROJECTION[&amp;quot;Lambert_Conformal_Conic&amp;quot;],PARAMETER[&amp;quot;False_Easting&amp;quot;,649328.0],PARAMETER[&amp;quot;False_Northing&amp;quot;,665262.0],PARAMETER[&amp;quot;Central_Meridian&amp;quot;,4.359215833333333],PARAMETER[&amp;quot;Standard_Parallel_1&amp;quot;,49.83333333333334],PARAMETER[&amp;quot;Standard_Parallel_2&amp;quot;,51.16666666666666],PARAMETER[&amp;quot;Latitude_Of_Origin&amp;quot;,50.797815],UNIT[&amp;quot;Meter&amp;quot;,1.0],AUTHORITY[&amp;quot;EPSG&amp;quot;,3812]]&lt;/WKT&gt;&lt;XOrigin&gt;-35373000&lt;/XOrigin&gt;&lt;YOrigin&gt;-30122500&lt;/YOrigin&gt;&lt;XYScale&gt;125022371.59348279&lt;/XYScale&gt;&lt;ZOrigin&gt;-100000&lt;/ZOrigin&gt;&lt;ZScale&gt;10000&lt;/ZScale&gt;&lt;MOrigin&gt;-100000&lt;/MOrigin&gt;&lt;MScale&gt;10000&lt;/MScale&gt;&lt;XYTolerance&gt;0.001&lt;/XYTolerance&gt;&lt;ZTolerance&gt;0.001&lt;/ZTolerance&gt;&lt;MTolerance&gt;0.001&lt;/MTolerance&gt;&lt;HighPrecision&gt;true&lt;/HighPrecision&gt;&lt;WKID&gt;102199&lt;/WKID&gt;&lt;LatestWKID&gt;3812&lt;/LatestWKID&gt;&lt;/ProjectedCoordinateSystem&gt;</peXml></coordRef></DataProperties><SyncDate>20191219</SyncDate><SyncTime>08441100</SyncTime><ModDate>20191219</ModDate><ModTime>08441100</ModTime></Esri><dataIdInfo><envirDesc Sync="TRUE"> Version 6.2 (Build 9200) ; Esri ArcGIS 10.2.2.3552</envirDesc><dataLang><languageCode value="fra" Sync="TRUE"></languageCode><countryCode value="CAN" Sync="TRUE"></countryCode></dataLang><idCitation><resTitle Sync="TRUE">AD_2_Municipality</resTitle><presForm><PresFormCd value="005" Sync="TRUE"></PresFormCd></presForm></idCitation><spatRpType><SpatRepTypCd value="001" Sync="TRUE"></SpatRepTypCd></spatRpType></dataIdInfo><mdLang><languageCode value="fra" Sync="TRUE"></languageCode><countryCode value="CAN" Sync="TRUE"></countryCode></mdLang><distInfo><distFormat><formatName Sync="TRUE">Shapefile</formatName></distFormat><distTranOps><transSize Sync="TRUE">0.000</transSize></distTranOps></distInfo><mdHrLv><ScopeCd value="005" Sync="TRUE"></ScopeCd></mdHrLv><mdHrLvName Sync="TRUE">dataset</mdHrLvName><refSysInfo><RefSystem><refSysID><identCode code="3812" Sync="TRUE"></identCode><idCodeSpace Sync="TRUE">EPSG</idCodeSpace><idVersion Sync="TRUE">8.2.6</idVersion></refSysID></RefSystem></refSysInfo><spatRepInfo><VectSpatRep><geometObjs Name="AD_2_Municipality"><geoObjTyp><GeoObjTypCd value="002" Sync="TRUE"></GeoObjTypCd></geoObjTyp><geoObjCnt Sync="TRUE">0</geoObjCnt></geometObjs><topLvl><TopoLevCd value="001" Sync="TRUE"></TopoLevCd></topLvl></VectSpatRep></spatRepInfo><spdoinfo><ptvctinf><esriterm Name="AD_2_Municipality"><efeatyp Sync="TRUE">Simple</efeatyp><efeageom code="4" Sync="TRUE"></efeageom><esritopo Sync="TRUE">FALSE</esritopo><efeacnt Sync="TRUE">0</efeacnt><spindex Sync="TRUE">FALSE</spindex><linrefer Sync="TRUE">TRUE</linrefer></esriterm></ptvctinf></spdoinfo><eainfo><detailed Name="AD_2_Municipality"><enttyp><enttypl Sync="TRUE">AD_2_Municipality</enttypl><enttypt Sync="TRUE">Feature Class</enttypt><enttypc Sync="TRUE">0</enttypc></enttyp><attr><attrlabl Sync="TRUE">FID</attrlabl><attalias Sync="TRUE">FID</attalias><attrtype Sync="TRUE">OID</attrtype><attwidth Sync="TRUE">4</attwidth><atprecis Sync="TRUE">0</atprecis><attscale Sync="TRUE">0</attscale><attrdef Sync="TRUE">Internal feature number.</attrdef><attrdefs Sync="TRUE">Esri</attrdefs><attrdomv><udom Sync="TRUE">Sequential unique whole numbers that are automatically generated.</udom></attrdomv></attr><attr><attrlabl Sync="TRUE">Shape</attrlabl><attalias Sync="TRUE">Shape</attalias><attrtype Sync="TRUE">Geometry</attrtype><attwidth Sync="TRUE">0</attwidth><atprecis Sync="TRUE">0</atprecis><attscale Sync="TRUE">0</attscale><attrdef Sync="TRUE">Feature geometry.</attrdef><attrdefs Sync="TRUE">Esri</attrdefs><attrdomv><udom Sync="TRUE">Coordinates defining the features.</udom></attrdomv></attr><attr><attrlabl Sync="TRUE">modifdate</attrlabl><attalias Sync="TRUE">ModifDate</attalias><attrtype Sync="TRUE">Date</attrtype><attwidth Sync="TRUE">8</attwidth><atprecis Sync="TRUE">0</atprecis><attscale Sync="TRUE">0</attscale></attr><attr><attrlabl Sync="TRUE">city</attrlabl><attalias Sync="TRUE">City</attalias><attrtype Sync="TRUE">Integer</attrtype><attwidth Sync="TRUE">9</attwidth><atprecis Sync="TRUE">9</atprecis><attscale Sync="TRUE">0</attscale></attr><attr><attrlabl Sync="TRUE">LanguageSt</attrlabl><attalias Sync="TRUE">LanguageSt</attalias><attrtype Sync="TRUE">Integer</attrtype><attwidth Sync="TRUE">9</attwidth><atprecis Sync="TRUE">9</atprecis><attscale Sync="TRUE">0</attscale></attr><attr><attrlabl Sync="TRUE">niscode</attrlabl><attalias Sync="TRUE">NISCode</attalias><attrtype Sync="TRUE">String</attrtype><attwidth Sync="TRUE">254</attwidth><atprecis Sync="TRUE">0</atprecis><attscale Sync="TRUE">0</attscale></attr><attr><attrlabl Sync="TRUE">DistrictCa</attrlabl><attalias Sync="TRUE">DistrictCa</attalias><attrtype Sync="TRUE">SmallInteger</attrtype><attwidth Sync="TRUE">4</attwidth><atprecis Sync="TRUE">4</atprecis><attscale Sync="TRUE">0</attscale></attr><attr><attrlabl Sync="TRUE">ProvinceCa</attrlabl><attalias Sync="TRUE">ProvinceCa</attalias><attrtype Sync="TRUE">SmallInteger</attrtype><attwidth Sync="TRUE">4</attwidth><atprecis Sync="TRUE">4</atprecis><attscale Sync="TRUE">0</attscale></attr><attr><attrlabl Sync="TRUE">RegionCapi</attrlabl><attalias Sync="TRUE">RegionCapi</attalias><attrtype Sync="TRUE">SmallInteger</attrtype><attwidth Sync="TRUE">4</attwidth><atprecis Sync="TRUE">4</atprecis><attscale Sync="TRUE">0</attscale></attr><attr><attrlabl Sync="TRUE">CountryCap</attrlabl><attalias Sync="TRUE">CountryCap</attalias><attrtype Sync="TRUE">SmallInteger</attrtype><attwidth Sync="TRUE">4</attwidth><atprecis Sync="TRUE">4</atprecis><attscale Sync="TRUE">0</attscale></attr><attr><attrlabl Sync="TRUE">tgid</attrlabl><attalias Sync="TRUE">tgid</attalias><attrtype Sync="TRUE">String</attrtype><attwidth Sync="TRUE">38</attwidth><atprecis Sync="TRUE">0</atprecis><attscale Sync="TRUE">0</attscale></attr><attr><attrlabl Sync="TRUE">Shape_Leng</attrlabl><attalias Sync="TRUE">Shape_Leng</attalias><attrtype Sync="TRUE">Double</attrtype><attwidth Sync="TRUE">19</attwidth><atprecis Sync="TRUE">0</atprecis><attscale Sync="TRUE">0</attscale></attr><attr><attrlabl Sync="TRUE">Shape_Area</attrlabl><attalias Sync="TRUE">Shape_Area</attalias><attrtype Sync="TRUE">Double</attrtype><attwidth Sync="TRUE">19</attwidth><atprecis Sync="TRUE">0</atprecis><attscale Sync="TRUE">0</attscale><attrdef Sync="TRUE">Area of feature in internal units squared.</attrdef><attrdefs Sync="TRUE">Esri</attrdefs><attrdomv><udom Sync="TRUE">Positive real numbers that are automatically generated.</udom></attrdomv></attr><attr><attrlabl Sync="TRUE">NameDut</attrlabl><attalias Sync="TRUE">NameDut</attalias><attrtype Sync="TRUE">String</attrtype><attwidth Sync="TRUE">254</attwidth><atprecis Sync="TRUE">0</atprecis><attscale Sync="TRUE">0</attscale></attr><attr><attrlabl Sync="TRUE">NameFre</attrlabl><attalias Sync="TRUE">NameFre</attalias><attrtype Sync="TRUE">String</attrtype><attwidth Sync="TRUE">254</attwidth><atprecis Sync="TRUE">0</atprecis><attscale Sync="TRUE">0</attscale></attr><attr><attrlabl Sync="TRUE">NameGer</attrlabl><attalias Sync="TRUE">NameGer</attalias><attrtype Sync="TRUE">String</attrtype><attwidth Sync="TRUE">254</attwidth><atprecis Sync="TRUE">0</atprecis><attscale Sync="TRUE">0</attscale></attr></detailed></eainfo><mdDateSt Sync="TRUE">20191219</mdDateSt></metadata>
